{"v":"4.6.0","fr":29.9700012207031,"ip":0,"op":61.0000024845809,"w":400,"h":400,"nm":"Comp 1","ddd":0,"assets":[{"id":"comp_0","layers":[{"ddd":0,"ind":1,"ty":0,"nm":"Pre-comp 2","refId":"comp_1","ks":{"o":{"a":0,"k":100},"r":{"a":0,"k":0},"p":{"a":1,"k":[{"i":{"x":0.372,"y":0.995},"o":{"x":0.333,"y":0},"n":"0p372_0p995_0p333_0","t":-1,"s":[-63.707,132,0],"e":[508.793,132,0],"to":[95.4166641235352,0,0],"ti":[-95.4166641235352,0,0]},{"t":65.0000026475043}]},"a":{"a":0,"k":[200,200,0]},"s":{"a":0,"k":[100,100,100]}},"ao":0,"w":400,"h":400,"ip":-1.00000004073083,"op":899.000036617021,"st":-1.00000004073083,"bm":0,"sr":1,"completed":true,"layers":[{"ddd":0,"ind":1,"ty":4,"nm":"Layer 5/progressbar-final Outlines","ks":{"o":{"a":0,"k":100},"r":{"a":0,"k":0},"p":{"a":0,"k":[296,260,0]},"a":{"a":0,"k":[76.5,5.5,0]},"s":{"a":0,"k":[100,100,100]}},"ao":0,"shapes":[{"ty":"gr","it":[{"ind":0,"ty":"sh","ks":{"a":0,"k":{"i":[[-73.683,-5.175],[70.825,-5.175],[76,-2.859],[73.684,5.175],[-70.825,5.175],[-76,2.857]],"o":[[-70.825,-5.175],[73.684,-5.175],[76,2.857],[70.825,5.175],[-73.683,5.175],[-76,-2.859]],"v":[[-70.825,-5.175],[70.825,-5.175],[76,0],[70.825,5.175],[-70.825,5.175],[-76,0]],"c":true}},"nm":"Path 1","mn":"ADBE Vector Shape - Group","_render":true},{"ty":"fl","c":{"a":0,"k":[0.6941,0.0549,0.1373,1]},"o":{"a":0,"k":100},"r":1,"nm":"Fill 1","mn":"ADBE Vector Graphic - Fill","_render":true},{"ty":"tr","p":{"a":0,"k":[76.25,5.425],"ix":2},"a":{"a":0,"k":[0,0],"ix":1},"s":{"a":0,"k":[100,100],"ix":3},"r":{"a":0,"k":0,"ix":6},"o":{"a":0,"k":100,"ix":7},"sk":{"a":0,"k":0,"ix":4},"sa":{"a":0,"k":0,"ix":5},"nm":"Transform","_render":true}],"nm":"Group 1","np":2,"mn":"ADBE Vector Group","_render":true}],"ip":0,"op":900.000036657751,"st":0,"bm":0,"sr":1,"completed":true},{"ddd":0,"ind":2,"ty":4,"nm":"Layer 4/progressbar-final Outlines","ks":{"o":{"a":0,"k":100},"r":{"a":0,"k":0},"p":{"a":0,"k":[86,260,0]},"a":{"a":0,"k":[22.5,5.5,0]},"s":{"a":0,"k":[100,100,100]}},"ao":0,"shapes":[{"ty":"gr","it":[{"ind":0,"ty":"sh","ks":{"a":0,"k":{"i":[[-19.683,-5.175],[16.825,-5.175],[22,-2.859],[19.683,5.175],[-16.825,5.175],[-22,2.857]],"o":[[-16.825,-5.175],[19.683,-5.175],[22,2.857],[16.825,5.175],[-19.683,5.175],[-22,-2.859]],"v":[[-16.825,-5.175],[16.825,-5.175],[22,0],[16.825,5.175],[-16.825,5.175],[-22,0]],"c":true}},"nm":"Path 1","mn":"ADBE Vector Shape - Group","_render":true},{"ty":"fl","c":{"a":0,"k":[0.6941,0.0549,0.1373,1]},"o":{"a":0,"k":100},"r":1,"nm":"Fill 1","mn":"ADBE Vector Graphic - Fill","_render":true},{"ty":"tr","p":{"a":0,"k":[22.25,5.425],"ix":2},"a":{"a":0,"k":[0,0],"ix":1},"s":{"a":0,"k":[100,100],"ix":3},"r":{"a":0,"k":0,"ix":6},"o":{"a":0,"k":100,"ix":7},"sk":{"a":0,"k":0,"ix":4},"sa":{"a":0,"k":0,"ix":5},"nm":"Transform","_render":true}],"nm":"Group 1","np":2,"mn":"ADBE Vector Group","_render":true}],"ip":0,"op":900.000036657751,"st":0,"bm":0,"sr":1,"completed":true},{"ddd":0,"ind":3,"ty":4,"nm":"Layer 3/progressbar-final Outlines","ks":{"o":{"a":0,"k":100},"r":{"a":0,"k":0},"p":{"a":0,"k":[164,260,0]},"a":{"a":0,"k":[40,5.5,0]},"s":{"a":0,"k":[100,100,100]}},"ao":0,"shapes":[{"ty":"gr","it":[{"ind":0,"ty":"sh","ks":{"a":0,"k":{"i":[[-37.183,-5.175],[34.325,-5.175],[39.5,-2.859],[37.183,5.175],[-34.325,5.175],[-39.5,2.857]],"o":[[-34.325,-5.175],[37.183,-5.175],[39.5,2.857],[34.325,5.175],[-37.183,5.175],[-39.5,-2.859]],"v":[[-34.325,-5.175],[34.325,-5.175],[39.5,0],[34.325,5.175],[-34.325,5.175],[-39.5,0]],"c":true}},"nm":"Path 1","mn":"ADBE Vector Shape - Group","_render":true},{"ty":"fl","c":{"a":0,"k":[0.6941,0.0549,0.1373,1]},"o":{"a":0,"k":100},"r":1,"nm":"Fill 1","mn":"ADBE Vector Graphic - Fill","_render":true},{"ty":"tr","p":{"a":0,"k":[39.75,5.425],"ix":2},"a":{"a":0,"k":[0,0],"ix":1},"s":{"a":0,"k":[100,100],"ix":3},"r":{"a":0,"k":0,"ix":6},"o":{"a":0,"k":100,"ix":7},"sk":{"a":0,"k":0,"ix":4},"sa":{"a":0,"k":0,"ix":5},"nm":"Transform","_render":true}],"nm":"Group 1","np":2,"mn":"ADBE Vector Group","_render":true}],"ip":0,"op":900.000036657751,"st":0,"bm":0,"sr":1,"completed":true}]},{"ddd":0,"ind":2,"ty":0,"nm":"Pre-comp 2","refId":"comp_1","ks":{"o":{"a":0,"k":100},"r":{"a":0,"k":0},"p":{"a":1,"k":[{"i":{"x":0.663,"y":0.994},"o":{"x":0.333,"y":0},"n":"0p663_0p994_0p333_0","t":47,"s":[-120.707,132,0],"e":[480.293,132,0],"to":[100.166664123535,0,0],"ti":[-100.166664123535,0,0]},{"t":120.0000048877}]},"a":{"a":0,"k":[200,200,0]},"s":{"a":0,"k":[100,100,100]}},"ao":0,"w":400,"h":400,"ip":47.0000019143492,"op":947.000038572101,"st":47.0000019143492,"bm":0,"sr":1,"completed":true,"layers":[{"ddd":0,"ind":1,"ty":4,"nm":"Layer 5/progressbar-final Outlines","ks":{"o":{"a":0,"k":100},"r":{"a":0,"k":0},"p":{"a":0,"k":[296,260,0]},"a":{"a":0,"k":[76.5,5.5,0]},"s":{"a":0,"k":[100,100,100]}},"ao":0,"shapes":[{"ty":"gr","it":[{"ind":0,"ty":"sh","ks":{"a":0,"k":{"i":[[-73.683,-5.175],[70.825,-5.175],[76,-2.859],[73.684,5.175],[-70.825,5.175],[-76,2.857]],"o":[[-70.825,-5.175],[73.684,-5.175],[76,2.857],[70.825,5.175],[-73.683,5.175],[-76,-2.859]],"v":[[-70.825,-5.175],[70.825,-5.175],[76,0],[70.825,5.175],[-70.825,5.175],[-76,0]],"c":true}},"nm":"Path 1","mn":"ADBE Vector Shape - Group","_render":true},{"ty":"fl","c":{"a":0,"k":[0.6941,0.0549,0.1373,1]},"o":{"a":0,"k":100},"r":1,"nm":"Fill 1","mn":"ADBE Vector Graphic - Fill","_render":true},{"ty":"tr","p":{"a":0,"k":[76.25,5.425],"ix":2},"a":{"a":0,"k":[0,0],"ix":1},"s":{"a":0,"k":[100,100],"ix":3},"r":{"a":0,"k":0,"ix":6},"o":{"a":0,"k":100,"ix":7},"sk":{"a":0,"k":0,"ix":4},"sa":{"a":0,"k":0,"ix":5},"nm":"Transform","_render":true}],"nm":"Group 1","np":2,"mn":"ADBE Vector Group","_render":true}],"ip":0,"op":900.000036657751,"st":0,"bm":0,"sr":1,"completed":true},{"ddd":0,"ind":2,"ty":4,"nm":"Layer 4/progressbar-final Outlines","ks":{"o":{"a":0,"k":100},"r":{"a":0,"k":0},"p":{"a":0,"k":[86,260,0]},"a":{"a":0,"k":[22.5,5.5,0]},"s":{"a":0,"k":[100,100,100]}},"ao":0,"shapes":[{"ty":"gr","it":[{"ind":0,"ty":"sh","ks":{"a":0,"k":{"i":[[-19.683,-5.175],[16.825,-5.175],[22,-2.859],[19.683,5.175],[-16.825,5.175],[-22,2.857]],"o":[[-16.825,-5.175],[19.683,-5.175],[22,2.857],[16.825,5.175],[-19.683,5.175],[-22,-2.859]],"v":[[-16.825,-5.175],[16.825,-5.175],[22,0],[16.825,5.175],[-16.825,5.175],[-22,0]],"c":true}},"nm":"Path 1","mn":"ADBE Vector Shape - Group","_render":true},{"ty":"fl","c":{"a":0,"k":[0.6941,0.0549,0.1373,1]},"o":{"a":0,"k":100},"r":1,"nm":"Fill 1","mn":"ADBE Vector Graphic - Fill","_render":true},{"ty":"tr","p":{"a":0,"k":[22.25,5.425],"ix":2},"a":{"a":0,"k":[0,0],"ix":1},"s":{"a":0,"k":[100,100],"ix":3},"r":{"a":0,"k":0,"ix":6},"o":{"a":0,"k":100,"ix":7},"sk":{"a":0,"k":0,"ix":4},"sa":{"a":0,"k":0,"ix":5},"nm":"Transform","_render":true}],"nm":"Group 1","np":2,"mn":"ADBE Vector Group","_render":true}],"ip":0,"op":900.000036657751,"st":0,"bm":0,"sr":1,"completed":true},{"ddd":0,"ind":3,"ty":4,"nm":"Layer 3/progressbar-final Outlines","ks":{"o":{"a":0,"k":100},"r":{"a":0,"k":0},"p":{"a":0,"k":[164,260,0]},"a":{"a":0,"k":[40,5.5,0]},"s":{"a":0,"k":[100,100,100]}},"ao":0,"shapes":[{"ty":"gr","it":[{"ind":0,"ty":"sh","ks":{"a":0,"k":{"i":[[-37.183,-5.175],[34.325,-5.175],[39.5,-2.859],[37.183,5.175],[-34.325,5.175],[-39.5,2.857]],"o":[[-34.325,-5.175],[37.183,-5.175],[39.5,2.857],[34.325,5.175],[-37.183,5.175],[-39.5,-2.859]],"v":[[-34.325,-5.175],[34.325,-5.175],[39.5,0],[34.325,5.175],[-34.325,5.175],[-39.5,0]],"c":true}},"nm":"Path 1","mn":"ADBE Vector Shape - Group","_render":true},{"ty":"fl","c":{"a":0,"k":[0.6941,0.0549,0.1373,1]},"o":{"a":0,"k":100},"r":1,"nm":"Fill 1","mn":"ADBE Vector Graphic - Fill","_render":true},{"ty":"tr","p":{"a":0,"k":[39.75,5.425],"ix":2},"a":{"a":0,"k":[0,0],"ix":1},"s":{"a":0,"k":[100,100],"ix":3},"r":{"a":0,"k":0,"ix":6},"o":{"a":0,"k":100,"ix":7},"sk":{"a":0,"k":0,"ix":4},"sa":{"a":0,"k":0,"ix":5},"nm":"Transform","_render":true}],"nm":"Group 1","np":2,"mn":"ADBE Vector Group","_render":true}],"ip":0,"op":900.000036657751,"st":0,"bm":0,"sr":1,"completed":true}]},{"ddd":0,"ind":3,"ty":4,"nm":"Master","ks":{"o":{"a":0,"k":100},"r":{"a":0,"k":0},"p":{"a":0,"k":[198,192,0]},"a":{"a":0,"k":[146.5,5.5,0]},"s":{"a":0,"k":[100,100,100]}},"ao":0,"shapes":[{"ty":"gr","it":[{"ind":0,"ty":"sh","ks":{"a":0,"k":{"i":[[-143.683,-5.175],[140.825,-5.175],[146,-2.857],[143.684,5.175],[-140.825,5.175],[-146,2.859]],"o":[[-140.825,-5.175],[143.684,-5.175],[146,2.859],[140.825,5.175],[-143.683,5.175],[-146,-2.857]],"v":[[-140.825,-5.175],[140.825,-5.175],[146,0.001],[140.825,5.175],[-140.825,5.175],[-146,0.001]],"c":true}},"nm":"Path 1","mn":"ADBE Vector Shape - Group","_render":true},{"ty":"fl","c":{"a":0,"k":[1,1,1,1]},"o":{"a":0,"k":100},"r":1,"nm":"Fill 1","mn":"ADBE Vector Graphic - Fill","_render":true},{"ty":"tr","p":{"a":0,"k":[146.25,5.425],"ix":2},"a":{"a":0,"k":[0,0],"ix":1},"s":{"a":0,"k":[100,100],"ix":3},"r":{"a":0,"k":0,"ix":6},"o":{"a":0,"k":100,"ix":7},"sk":{"a":0,"k":0,"ix":4},"sa":{"a":0,"k":0,"ix":5},"nm":"Transform","_render":true}],"nm":"Group 1","np":2,"mn":"ADBE Vector Group","_render":true}],"ip":0,"op":900.000036657751,"st":0,"bm":0,"sr":1,"completed":true}]},{"id":"comp_1","layers":[{"ddd":0,"ind":1,"ty":4,"nm":"Layer 5/progressbar-final Outlines","ks":{"o":{"a":0,"k":100},"r":{"a":0,"k":0},"p":{"a":0,"k":[296,260,0]},"a":{"a":0,"k":[76.5,5.5,0]},"s":{"a":0,"k":[100,100,100]}},"ao":0,"shapes":[{"ty":"gr","it":[{"ind":0,"ty":"sh","ks":{"a":0,"k":{"i":[[-73.683,-5.175],[70.825,-5.175],[76,-2.859],[73.684,5.175],[-70.825,5.175],[-76,2.857]],"o":[[-70.825,-5.175],[73.684,-5.175],[76,2.857],[70.825,5.175],[-73.683,5.175],[-76,-2.859]],"v":[[-70.825,-5.175],[70.825,-5.175],[76,0],[70.825,5.175],[-70.825,5.175],[-76,0]],"c":true}},"nm":"Path 1","mn":"ADBE Vector Shape - Group","_render":true},{"ty":"fl","c":{"a":0,"k":[0.6941,0.0549,0.1373,1]},"o":{"a":0,"k":100},"r":1,"nm":"Fill 1","mn":"ADBE Vector Graphic - Fill","_render":true},{"ty":"tr","p":{"a":0,"k":[76.25,5.425],"ix":2},"a":{"a":0,"k":[0,0],"ix":1},"s":{"a":0,"k":[100,100],"ix":3},"r":{"a":0,"k":0,"ix":6},"o":{"a":0,"k":100,"ix":7},"sk":{"a":0,"k":0,"ix":4},"sa":{"a":0,"k":0,"ix":5},"nm":"Transform","_render":true}],"nm":"Group 1","np":2,"mn":"ADBE Vector Group","_render":true}],"ip":0,"op":900.000036657751,"st":0,"bm":0,"sr":1,"completed":true},{"ddd":0,"ind":2,"ty":4,"nm":"Layer 4/progressbar-final Outlines","ks":{"o":{"a":0,"k":100},"r":{"a":0,"k":0},"p":{"a":0,"k":[86,260,0]},"a":{"a":0,"k":[22.5,5.5,0]},"s":{"a":0,"k":[100,100,100]}},"ao":0,"shapes":[{"ty":"gr","it":[{"ind":0,"ty":"sh","ks":{"a":0,"k":{"i":[[-19.683,-5.175],[16.825,-5.175],[22,-2.859],[19.683,5.175],[-16.825,5.175],[-22,2.857]],"o":[[-16.825,-5.175],[19.683,-5.175],[22,2.857],[16.825,5.175],[-19.683,5.175],[-22,-2.859]],"v":[[-16.825,-5.175],[16.825,-5.175],[22,0],[16.825,5.175],[-16.825,5.175],[-22,0]],"c":true}},"nm":"Path 1","mn":"ADBE Vector Shape - Group","_render":true},{"ty":"fl","c":{"a":0,"k":[0.6941,0.0549,0.1373,1]},"o":{"a":0,"k":100},"r":1,"nm":"Fill 1","mn":"ADBE Vector Graphic - Fill","_render":true},{"ty":"tr","p":{"a":0,"k":[22.25,5.425],"ix":2},"a":{"a":0,"k":[0,0],"ix":1},"s":{"a":0,"k":[100,100],"ix":3},"r":{"a":0,"k":0,"ix":6},"o":{"a":0,"k":100,"ix":7},"sk":{"a":0,"k":0,"ix":4},"sa":{"a":0,"k":0,"ix":5},"nm":"Transform","_render":true}],"nm":"Group 1","np":2,"mn":"ADBE Vector Group","_render":true}],"ip":0,"op":900.000036657751,"st":0,"bm":0,"sr":1,"completed":true},{"ddd":0,"ind":3,"ty":4,"nm":"Layer 3/progressbar-final Outlines","ks":{"o":{"a":0,"k":100},"r":{"a":0,"k":0},"p":{"a":0,"k":[164,260,0]},"a":{"a":0,"k":[40,5.5,0]},"s":{"a":0,"k":[100,100,100]}},"ao":0,"shapes":[{"ty":"gr","it":[{"ind":0,"ty":"sh","ks":{"a":0,"k":{"i":[[-37.183,-5.175],[34.325,-5.175],[39.5,-2.859],[37.183,5.175],[-34.325,5.175],[-39.5,2.857]],"o":[[-34.325,-5.175],[37.183,-5.175],[39.5,2.857],[34.325,5.175],[-37.183,5.175],[-39.5,-2.859]],"v":[[-34.325,-5.175],[34.325,-5.175],[39.5,0],[34.325,5.175],[-34.325,5.175],[-39.5,0]],"c":true}},"nm":"Path 1","mn":"ADBE Vector Shape - Group","_render":true},{"ty":"fl","c":{"a":0,"k":[0.6941,0.0549,0.1373,1]},"o":{"a":0,"k":100},"r":1,"nm":"Fill 1","mn":"ADBE Vector Graphic - Fill","_render":true},{"ty":"tr","p":{"a":0,"k":[39.75,5.425],"ix":2},"a":{"a":0,"k":[0,0],"ix":1},"s":{"a":0,"k":[100,100],"ix":3},"r":{"a":0,"k":0,"ix":6},"o":{"a":0,"k":100,"ix":7},"sk":{"a":0,"k":0,"ix":4},"sa":{"a":0,"k":0,"ix":5},"nm":"Transform","_render":true}],"nm":"Group 1","np":2,"mn":"ADBE Vector Group","_render":true}],"ip":0,"op":900.000036657751,"st":0,"bm":0,"sr":1,"completed":true}]}],"layers":[{"ddd":0,"ind":1,"ty":0,"nm":"Pre-comp 1","refId":"comp_0","ks":{"o":{"a":0,"k":100},"r":{"a":0,"k":0},"p":{"a":0,"k":[202.032,208.014,0]},"a":{"a":0,"k":[200,200,0]},"s":{"a":0,"k":[99.979,100,100]}},"ao":0,"hasMask":true,"masksProperties":[{"inv":false,"mode":"a","pt":{"a":0,"k":{"i":[[341.94300000000004,186.522],[59.625,186.49],[52.02,187.40800000000002],[54.887,197.449],[337.205,197.481],[343.914,194.688]],"o":[[337.122,186.522],[54.804,186.49],[52.02,197.05],[59.708,197.449],[342.026,197.481],[343.914,189.5]],"v":[[337.122,186.522],[59.625,186.49],[52.02,192.229],[59.708,197.449],[337.205,197.481],[343.914,191.917]],"c":true}},"o":{"a":0,"k":100},"x":{"a":0,"k":0},"nm":"Mask 2"}],"w":400,"h":400,"ip":0,"op":900.000036657751,"st":0,"bm":0,"sr":1,"completed":true,"layers":[{"ddd":0,"ind":1,"ty":0,"nm":"Pre-comp 2","refId":"comp_1","ks":{"o":{"a":0,"k":100},"r":{"a":0,"k":0},"p":{"a":1,"k":[{"i":{"x":0.372,"y":0.995},"o":{"x":0.333,"y":0},"n":"0p372_0p995_0p333_0","t":-1,"s":[-63.707,132,0],"e":[508.793,132,0],"to":[95.4166641235352,0,0],"ti":[-95.4166641235352,0,0]},{"t":65.0000026475043}]},"a":{"a":0,"k":[200,200,0]},"s":{"a":0,"k":[100,100,100]}},"ao":0,"w":400,"h":400,"ip":-1.00000004073083,"op":899.000036617021,"st":-1.00000004073083,"bm":0,"sr":1,"completed":true,"layers":[{"ddd":0,"ind":1,"ty":4,"nm":"Layer 5/progressbar-final Outlines","ks":{"o":{"a":0,"k":100},"r":{"a":0,"k":0},"p":{"a":0,"k":[296,260,0]},"a":{"a":0,"k":[76.5,5.5,0]},"s":{"a":0,"k":[100,100,100]}},"ao":0,"shapes":[{"ty":"gr","it":[{"ind":0,"ty":"sh","ks":{"a":0,"k":{"i":[[-73.683,-5.175],[70.825,-5.175],[76,-2.859],[73.684,5.175],[-70.825,5.175],[-76,2.857]],"o":[[-70.825,-5.175],[73.684,-5.175],[76,2.857],[70.825,5.175],[-73.683,5.175],[-76,-2.859]],"v":[[-70.825,-5.175],[70.825,-5.175],[76,0],[70.825,5.175],[-70.825,5.175],[-76,0]],"c":true}},"nm":"Path 1","mn":"ADBE Vector Shape - Group","_render":true},{"ty":"fl","c":{"a":0,"k":[0.6941,0.0549,0.1373,1]},"o":{"a":0,"k":100},"r":1,"nm":"Fill 1","mn":"ADBE Vector Graphic - Fill","_render":true},{"ty":"tr","p":{"a":0,"k":[76.25,5.425],"ix":2},"a":{"a":0,"k":[0,0],"ix":1},"s":{"a":0,"k":[100,100],"ix":3},"r":{"a":0,"k":0,"ix":6},"o":{"a":0,"k":100,"ix":7},"sk":{"a":0,"k":0,"ix":4},"sa":{"a":0,"k":0,"ix":5},"nm":"Transform","_render":true}],"nm":"Group 1","np":2,"mn":"ADBE Vector Group","_render":true}],"ip":0,"op":900.000036657751,"st":0,"bm":0,"sr":1,"completed":true},{"ddd":0,"ind":2,"ty":4,"nm":"Layer 4/progressbar-final Outlines","ks":{"o":{"a":0,"k":100},"r":{"a":0,"k":0},"p":{"a":0,"k":[86,260,0]},"a":{"a":0,"k":[22.5,5.5,0]},"s":{"a":0,"k":[100,100,100]}},"ao":0,"shapes":[{"ty":"gr","it":[{"ind":0,"ty":"sh","ks":{"a":0,"k":{"i":[[-19.683,-5.175],[16.825,-5.175],[22,-2.859],[19.683,5.175],[-16.825,5.175],[-22,2.857]],"o":[[-16.825,-5.175],[19.683,-5.175],[22,2.857],[16.825,5.175],[-19.683,5.175],[-22,-2.859]],"v":[[-16.825,-5.175],[16.825,-5.175],[22,0],[16.825,5.175],[-16.825,5.175],[-22,0]],"c":true}},"nm":"Path 1","mn":"ADBE Vector Shape - Group","_render":true},{"ty":"fl","c":{"a":0,"k":[0.6941,0.0549,0.1373,1]},"o":{"a":0,"k":100},"r":1,"nm":"Fill 1","mn":"ADBE Vector Graphic - Fill","_render":true},{"ty":"tr","p":{"a":0,"k":[22.25,5.425],"ix":2},"a":{"a":0,"k":[0,0],"ix":1},"s":{"a":0,"k":[100,100],"ix":3},"r":{"a":0,"k":0,"ix":6},"o":{"a":0,"k":100,"ix":7},"sk":{"a":0,"k":0,"ix":4},"sa":{"a":0,"k":0,"ix":5},"nm":"Transform","_render":true}],"nm":"Group 1","np":2,"mn":"ADBE Vector Group","_render":true}],"ip":0,"op":900.000036657751,"st":0,"bm":0,"sr":1,"completed":true},{"ddd":0,"ind":3,"ty":4,"nm":"Layer 3/progressbar-final Outlines","ks":{"o":{"a":0,"k":100},"r":{"a":0,"k":0},"p":{"a":0,"k":[164,260,0]},"a":{"a":0,"k":[40,5.5,0]},"s":{"a":0,"k":[100,100,100]}},"ao":0,"shapes":[{"ty":"gr","it":[{"ind":0,"ty":"sh","ks":{"a":0,"k":{"i":[[-37.183,-5.175],[34.325,-5.175],[39.5,-2.859],[37.183,5.175],[-34.325,5.175],[-39.5,2.857]],"o":[[-34.325,-5.175],[37.183,-5.175],[39.5,2.857],[34.325,5.175],[-37.183,5.175],[-39.5,-2.859]],"v":[[-34.325,-5.175],[34.325,-5.175],[39.5,0],[34.325,5.175],[-34.325,5.175],[-39.5,0]],"c":true}},"nm":"Path 1","mn":"ADBE Vector Shape - Group","_render":true},{"ty":"fl","c":{"a":0,"k":[0.6941,0.0549,0.1373,1]},"o":{"a":0,"k":100},"r":1,"nm":"Fill 1","mn":"ADBE Vector Graphic - Fill","_render":true},{"ty":"tr","p":{"a":0,"k":[39.75,5.425],"ix":2},"a":{"a":0,"k":[0,0],"ix":1},"s":{"a":0,"k":[100,100],"ix":3},"r":{"a":0,"k":0,"ix":6},"o":{"a":0,"k":100,"ix":7},"sk":{"a":0,"k":0,"ix":4},"sa":{"a":0,"k":0,"ix":5},"nm":"Transform","_render":true}],"nm":"Group 1","np":2,"mn":"ADBE Vector Group","_render":true}],"ip":0,"op":900.000036657751,"st":0,"bm":0,"sr":1,"completed":true}]},{"ddd":0,"ind":2,"ty":0,"nm":"Pre-comp 2","refId":"comp_1","ks":{"o":{"a":0,"k":100},"r":{"a":0,"k":0},"p":{"a":1,"k":[{"i":{"x":0.663,"y":0.994},"o":{"x":0.333,"y":0},"n":"0p663_0p994_0p333_0","t":47,"s":[-120.707,132,0],"e":[480.293,132,0],"to":[100.166664123535,0,0],"ti":[-100.166664123535,0,0]},{"t":120.0000048877}]},"a":{"a":0,"k":[200,200,0]},"s":{"a":0,"k":[100,100,100]}},"ao":0,"w":400,"h":400,"ip":47.0000019143492,"op":947.000038572101,"st":47.0000019143492,"bm":0,"sr":1,"completed":true,"layers":[{"ddd":0,"ind":1,"ty":4,"nm":"Layer 5/progressbar-final Outlines","ks":{"o":{"a":0,"k":100},"r":{"a":0,"k":0},"p":{"a":0,"k":[296,260,0]},"a":{"a":0,"k":[76.5,5.5,0]},"s":{"a":0,"k":[100,100,100]}},"ao":0,"shapes":[{"ty":"gr","it":[{"ind":0,"ty":"sh","ks":{"a":0,"k":{"i":[[-73.683,-5.175],[70.825,-5.175],[76,-2.859],[73.684,5.175],[-70.825,5.175],[-76,2.857]],"o":[[-70.825,-5.175],[73.684,-5.175],[76,2.857],[70.825,5.175],[-73.683,5.175],[-76,-2.859]],"v":[[-70.825,-5.175],[70.825,-5.175],[76,0],[70.825,5.175],[-70.825,5.175],[-76,0]],"c":true}},"nm":"Path 1","mn":"ADBE Vector Shape - Group","_render":true},{"ty":"fl","c":{"a":0,"k":[0.6941,0.0549,0.1373,1]},"o":{"a":0,"k":100},"r":1,"nm":"Fill 1","mn":"ADBE Vector Graphic - Fill","_render":true},{"ty":"tr","p":{"a":0,"k":[76.25,5.425],"ix":2},"a":{"a":0,"k":[0,0],"ix":1},"s":{"a":0,"k":[100,100],"ix":3},"r":{"a":0,"k":0,"ix":6},"o":{"a":0,"k":100,"ix":7},"sk":{"a":0,"k":0,"ix":4},"sa":{"a":0,"k":0,"ix":5},"nm":"Transform","_render":true}],"nm":"Group 1","np":2,"mn":"ADBE Vector Group","_render":true}],"ip":0,"op":900.000036657751,"st":0,"bm":0,"sr":1,"completed":true},{"ddd":0,"ind":2,"ty":4,"nm":"Layer 4/progressbar-final Outlines","ks":{"o":{"a":0,"k":100},"r":{"a":0,"k":0},"p":{"a":0,"k":[86,260,0]},"a":{"a":0,"k":[22.5,5.5,0]},"s":{"a":0,"k":[100,100,100]}},"ao":0,"shapes":[{"ty":"gr","it":[{"ind":0,"ty":"sh","ks":{"a":0,"k":{"i":[[-19.683,-5.175],[16.825,-5.175],[22,-2.859],[19.683,5.175],[-16.825,5.175],[-22,2.857]],"o":[[-16.825,-5.175],[19.683,-5.175],[22,2.857],[16.825,5.175],[-19.683,5.175],[-22,-2.859]],"v":[[-16.825,-5.175],[16.825,-5.175],[22,0],[16.825,5.175],[-16.825,5.175],[-22,0]],"c":true}},"nm":"Path 1","mn":"ADBE Vector Shape - Group","_render":true},{"ty":"fl","c":{"a":0,"k":[0.6941,0.0549,0.1373,1]},"o":{"a":0,"k":100},"r":1,"nm":"Fill 1","mn":"ADBE Vector Graphic - Fill","_render":true},{"ty":"tr","p":{"a":0,"k":[22.25,5.425],"ix":2},"a":{"a":0,"k":[0,0],"ix":1},"s":{"a":0,"k":[100,100],"ix":3},"r":{"a":0,"k":0,"ix":6},"o":{"a":0,"k":100,"ix":7},"sk":{"a":0,"k":0,"ix":4},"sa":{"a":0,"k":0,"ix":5},"nm":"Transform","_render":true}],"nm":"Group 1","np":2,"mn":"ADBE Vector Group","_render":true}],"ip":0,"op":900.000036657751,"st":0,"bm":0,"sr":1,"completed":true},{"ddd":0,"ind":3,"ty":4,"nm":"Layer 3/progressbar-final Outlines","ks":{"o":{"a":0,"k":100},"r":{"a":0,"k":0},"p":{"a":0,"k":[164,260,0]},"a":{"a":0,"k":[40,5.5,0]},"s":{"a":0,"k":[100,100,100]}},"ao":0,"shapes":[{"ty":"gr","it":[{"ind":0,"ty":"sh","ks":{"a":0,"k":{"i":[[-37.183,-5.175],[34.325,-5.175],[39.5,-2.859],[37.183,5.175],[-34.325,5.175],[-39.5,2.857]],"o":[[-34.325,-5.175],[37.183,-5.175],[39.5,2.857],[34.325,5.175],[-37.183,5.175],[-39.5,-2.859]],"v":[[-34.325,-5.175],[34.325,-5.175],[39.5,0],[34.325,5.175],[-34.325,5.175],[-39.5,0]],"c":true}},"nm":"Path 1","mn":"ADBE Vector Shape - Group","_render":true},{"ty":"fl","c":{"a":0,"k":[0.6941,0.0549,0.1373,1]},"o":{"a":0,"k":100},"r":1,"nm":"Fill 1","mn":"ADBE Vector Graphic - Fill","_render":true},{"ty":"tr","p":{"a":0,"k":[39.75,5.425],"ix":2},"a":{"a":0,"k":[0,0],"ix":1},"s":{"a":0,"k":[100,100],"ix":3},"r":{"a":0,"k":0,"ix":6},"o":{"a":0,"k":100,"ix":7},"sk":{"a":0,"k":0,"ix":4},"sa":{"a":0,"k":0,"ix":5},"nm":"Transform","_render":true}],"nm":"Group 1","np":2,"mn":"ADBE Vector Group","_render":true}],"ip":0,"op":900.000036657751,"st":0,"bm":0,"sr":1,"completed":true}]},{"ddd":0,"ind":3,"ty":4,"nm":"Master","ks":{"o":{"a":0,"k":100},"r":{"a":0,"k":0},"p":{"a":0,"k":[198,192,0]},"a":{"a":0,"k":[146.5,5.5,0]},"s":{"a":0,"k":[100,100,100]}},"ao":0,"shapes":[{"ty":"gr","it":[{"ind":0,"ty":"sh","ks":{"a":0,"k":{"i":[[-143.683,-5.175],[140.825,-5.175],[146,-2.857],[143.684,5.175],[-140.825,5.175],[-146,2.859]],"o":[[-140.825,-5.175],[143.684,-5.175],[146,2.859],[140.825,5.175],[-143.683,5.175],[-146,-2.857]],"v":[[-140.825,-5.175],[140.825,-5.175],[146,0.001],[140.825,5.175],[-140.825,5.175],[-146,0.001]],"c":true}},"nm":"Path 1","mn":"ADBE Vector Shape - Group","_render":true},{"ty":"fl","c":{"a":0,"k":[1,1,1,1]},"o":{"a":0,"k":100},"r":1,"nm":"Fill 1","mn":"ADBE Vector Graphic - Fill","_render":true},{"ty":"tr","p":{"a":0,"k":[146.25,5.425],"ix":2},"a":{"a":0,"k":[0,0],"ix":1},"s":{"a":0,"k":[100,100],"ix":3},"r":{"a":0,"k":0,"ix":6},"o":{"a":0,"k":100,"ix":7},"sk":{"a":0,"k":0,"ix":4},"sa":{"a":0,"k":0,"ix":5},"nm":"Transform","_render":true}],"nm":"Group 1","np":2,"mn":"ADBE Vector Group","_render":true}],"ip":0,"op":900.000036657751,"st":0,"bm":0,"sr":1,"completed":true}]}],"__complete":true}